policy,total_cost,sla_violation_rate,total_under,total_over,stability,avg_utilization,peak_utilization
static,304326.0,11.0,49521,692677,0.0,0.6426911110039959,1.781666666369722
rolling,341567.12000000005,11.0,55404,1184340,5709.0,,
target_tracking,357019.51999999996,11.0,57896,1311932,6498.0,,
ml,50350.92,2.3728813559322033,6894,1113674,17497.0,0.5062193588136205,1.4297872338462885
hybrid,72192.0,3.389830508474576,10680,898730,31487.0,0.5598775103819368,1.5434482751524377
ortools,11261.3,0.6666666666666667,1106,587,94226.0,0.9997568805235786,1.0689999998931
